category,category_label,name,legal_name,town,url,website
detskiy-otdyh,Детский отдых / лагерь,ART camp,ART camp,поселок Огниково,https://moskva.fulledu.ru/detskiy-otdyh/art-camp/about/,https://incamp.ru/camp/art-lichnost
detskiy-otdyh,Детский отдых / лагерь,BabyCamp - уДачное Детство!,BabyCamp - уДачное Детство!,,https://moskva.fulledu.ru/detskiy-otdyh/babycamp-udachnoe-detstvo/about/,https://dayum.ru/health/gorodskoi-lager-lager-dlya-malyshei-babycamp---udachnoe-detstvo
detskiy-otdyh,Детский отдых / лагерь,Computercamp. Циркус,Computercamp. Циркус,,https://moskva.fulledu.ru/detskiy-otdyh/computercamp-cirkus/about/,https://incamp.ru/camp/computercamp-tsirkus
detskiy-otdyh,Детский отдых / лагерь,DanceCamp,DanceCamp,,https://moskva.fulledu.ru/detskiy-otdyh/dancecamp/about/,https://www.kidsreview.ru/world/camps/msk
detskiy-otdyh,Детский отдых / лагерь,Discovery Club. LapinoCamp,Discovery Club. LapinoCamp,деревня Семенково,https://moskva.fulledu.ru/detskiy-otdyh/discovery-club-lapinocamp/about/,https://incamp.ru
detskiy-otdyh,Детский отдых / лагерь,E-Camp. Creative,E-Camp. Creative,деревня Веретенки,https://moskva.fulledu.ru/detskiy-otdyh/e-camp-creative/about/,https://azti.ru/detskij-lager-yunyj-stroitel
detskiy-otdyh,Детский отдых / лагерь,E-Camp. Special,E-Camp. Special,Домодедово,https://moskva.fulledu.ru/detskiy-otdyh/e-camp-special/about/,https://ekaturs.ru/detskij-lager-enjoy-camp-podmoskove
detskiy-otdyh,Детский отдых / лагерь,E-Camp. Умные выходные,E-Camp. Умные выходные,Домодедово,https://moskva.fulledu.ru/detskiy-otdyh/e-camp-umnye-vyhodnye/about/,
detskiy-otdyh,Детский отдых / лагерь,Edinburgh School of English,Edinburgh School of English,Химки,https://moskva.fulledu.ru/detskiy-otdyh/edinburgh-school-of-english/about/,
detskiy-otdyh,Детский отдых / лагерь,EnglishFUN в отеле Тропикана,EnglishFUN в отеле Тропикана,деревня Пешки,https://moskva.fulledu.ru/detskiy-otdyh/englishfun-v-otele-tropikana/about/,
detskiy-otdyh,Детский отдых / лагерь,Family English Английский Городской лагерь,Family English Английский Городской лагерь,Санкт-Петербург,https://moskva.fulledu.ru/detskiy-otdyh/family-english-angliyskiy-gorodskoy-lager/about/,
detskiy-otdyh,Детский отдых / лагерь,FiLMCAMP: School of FiLM,FiLMCAMP: School of FiLM,,https://moskva.fulledu.ru/detskiy-otdyh/filmcamp-school-of-film/about/,
detskiy-otdyh,Детский отдых / лагерь,Football School с тренером из Манчестера,Football School с тренером из Манчестера,поселок Володарского,https://moskva.fulledu.ru/detskiy-otdyh/football-school-s-trenerom-iz-manchestera/about/,
detskiy-otdyh,Детский отдых / лагерь,Fun English Holiday,Fun English Holiday,Химки,https://moskva.fulledu.ru/detskiy-otdyh/fun-english-holiday/about/,
detskiy-otdyh,Детский отдых / лагерь,J-CAMP,J-CAMP,село Левково,https://moskva.fulledu.ru/detskiy-otdyh/j-camp/about/,
detskiy-otdyh,Детский отдых / лагерь,kaNNиkулы ART,kaNNиkулы ART,,https://moskva.fulledu.ru/detskiy-otdyh/kannikuly-art/about/,
detskiy-otdyh,Детский отдых / лагерь,kaNNиkулы DANCE,kaNNиkулы DANCE,,https://moskva.fulledu.ru/detskiy-otdyh/kannikuly-dance/about/,
detskiy-otdyh,Детский отдых / лагерь,kaNNиkулы ENGLISH,kaNNиkулы ENGLISH,,https://moskva.fulledu.ru/detskiy-otdyh/kannikuly-english/about/,
detskiy-otdyh,Детский отдых / лагерь,kaNNиkулы ORIGINAL,kaNNиkулы ORIGINAL,село Рождествено,https://moskva.fulledu.ru/detskiy-otdyh/kannikuly-original/about/,
detskiy-otdyh,Детский отдых / лагерь,kaNNиkулы SPORT,kaNNиkулы SPORT,село Рождествено,https://moskva.fulledu.ru/detskiy-otdyh/kannikuly-sport/about/,
detskiy-otdyh,Детский отдых / лагерь,kaNNиkулы VOICE,kaNNиkулы VOICE,,https://moskva.fulledu.ru/detskiy-otdyh/kannikuly-voice/about/,
detskiy-otdyh,Детский отдых / лагерь,kaNNиkулы МЕГАНЯНЬ выходного дня,kaNNиkулы МЕГАНЯНЬ выходного дня,,https://moskva.fulledu.ru/detskiy-otdyh/kannikuly-meganyan-vyhodnogo-dnya/about/,
detskiy-otdyh,Детский отдых / лагерь,KIDZ LAND,KIDZ LAND,деревня Ястребки,https://moskva.fulledu.ru/detskiy-otdyh/kidz-land/about/,
detskiy-otdyh,Детский отдых / лагерь,Lake Joy Camp,Lake Joy Camp,деревня Животино,https://moskva.fulledu.ru/detskiy-otdyh/lake-joy-camp/about/,
detskiy-otdyh,Детский отдых / лагерь,Level-up Language Camp,Level-up Language Camp,,https://moskva.fulledu.ru/detskiy-otdyh/level-up-language-camp/about/,
detskiy-otdyh,Детский отдых / лагерь,Like,Like,поселок Бабаево,https://moskva.fulledu.ru/detskiy-otdyh/like/about/,
detskiy-otdyh,Детский отдых / лагерь,Lingvinity Camp,Lingvinity Camp,Москва,https://moskva.fulledu.ru/detskiy-otdyh/lingvinity-camp-3561-8008/about/,
detskiy-otdyh,Детский отдых / лагерь,Master English Camp,Master English Camp,Руза,https://moskva.fulledu.ru/detskiy-otdyh/master-english-camp/about/,
detskiy-otdyh,Детский отдых / лагерь,NanoCamp. Экспериментаниум!,NanoCamp. Экспериментаниум!,поселок городского типа Обухово,https://moskva.fulledu.ru/detskiy-otdyh/nanocamp-eksperimentanium/about/,
detskiy-otdyh,Детский отдых / лагерь,NEO CAMP,NEO CAMP,поселок Зеленый Городок,https://moskva.fulledu.ru/detskiy-otdyh/neo-camp/about/,
detskiy-otdyh,Детский отдых / лагерь,Ni Hao,Ni Hao,,https://moskva.fulledu.ru/detskiy-otdyh/ni-hao/about/,
detskiy-otdyh,Детский отдых / лагерь,Online,Online,деревня Костино,https://moskva.fulledu.ru/detskiy-otdyh/online/about/,
detskiy-otdyh,Детский отдых / лагерь,Orange Republic,Orange Republic,Москва,https://moskva.fulledu.ru/detskiy-otdyh/detskiy-sovremennyy-lager-orange-republic/about/,http://1kidsrepublic.ru
detskiy-otdyh,Детский отдых / лагерь,Robocamp,Robocamp,поселок городского типа Обухово,https://moskva.fulledu.ru/detskiy-otdyh/robocamp/about/,
detskiy-otdyh,Детский отдых / лагерь,Round the world,Round the world,Химки,https://moskva.fulledu.ru/detskiy-otdyh/round-the-world/about/,
detskiy-otdyh,Детский отдых / лагерь,Star Camp,Star Camp,поселок Огниково,https://moskva.fulledu.ru/detskiy-otdyh/lager-dlya-devochek-quotstar-campquot/about/,
detskiy-otdyh,Детский отдых / лагерь,StudyCamp,StudyCamp,Москва,https://moskva.fulledu.ru/detskiy-otdyh/studycamp/about/,
detskiy-otdyh,Детский отдых / лагерь,Sunny Summer ABC,Sunny Summer ABC,Москва,https://moskva.fulledu.ru/detskiy-otdyh/sunny-summer-abc/about/,
detskiy-otdyh,Детский отдых / лагерь,Top Kids,Top Kids,поселок Огниково,https://moskva.fulledu.ru/detskiy-otdyh/top-kids/about/,
detskiy-otdyh,Детский отдых / лагерь,VSedlo.ru,VSedlo.ru,деревня Жаворонки,https://moskva.fulledu.ru/detskiy-otdyh/vsedloru/about/,
detskiy-otdyh,Детский отдых / лагерь,Weekend Talk,Weekend Talk,поселок дома отдыха Покровское,https://moskva.fulledu.ru/detskiy-otdyh/weekend-talk/about/,
detskiy-otdyh,Детский отдых / лагерь,World Skills KIDS,World Skills KIDS,поселок дома отдыха Авангард,https://moskva.fulledu.ru/detskiy-otdyh/world-skills-kids/about/,https://vozdvighenskoe.ru
detskiy-otdyh,Детский отдых / лагерь,Авангард,Учебно-методический центр военно-патриотического воспитания молодёжи «Авангард»,,https://moskva.fulledu.ru/detskiy-otdyh/uvc-avangard/about/,https://avangard.center
detskiy-otdyh,Детский отдых / лагерь,Авеста-Парк,Авеста-Парк,деревня Гульнево,https://moskva.fulledu.ru/detskiy-otdyh/avesta-park/about/,
detskiy-otdyh,Детский отдых / лагерь,Академия звезд. Весенний MIX,Академия звезд. Весенний MIX,поселок Огниково,https://moskva.fulledu.ru/detskiy-otdyh/akademiya-zvezd-vesenniy-mix/about/,
detskiy-otdyh,Детский отдых / лагерь,Академия тенниса,Академия тенниса,деревня Жерновка,https://moskva.fulledu.ru/detskiy-otdyh/akademiya-tennisa/about/,
detskiy-otdyh,Детский отдых / лагерь,Аллея звезд,Аллея звезд,поселок Огниково,https://moskva.fulledu.ru/detskiy-otdyh/alleya-zvezd/about/,
detskiy-otdyh,Детский отдых / лагерь,Английский клуб 1st Step,Английский клуб 1st Step,поселок Ситники,https://moskva.fulledu.ru/detskiy-otdyh/angliyskiy-klub-1st-step/about/,
detskiy-otdyh,Детский отдых / лагерь,Английский клуб Tradition,Английский клуб Tradition,деревня Ястребки,https://moskva.fulledu.ru/detskiy-otdyh/angliyskiy-klub-tradition/about/,
detskiy-otdyh,Детский отдых / лагерь,БАРС,БАРС,,https://moskva.fulledu.ru/detskiy-otdyh/bars/about/,
detskiy-otdyh,Детский отдых / лагерь,БАРС,БАРС,,https://moskva.fulledu.ru/detskiy-otdyh/bars-914-9752/about/,
detskiy-otdyh,Детский отдых / лагерь,Бесконечная История,Бесконечная История,деревня Лужки,https://moskva.fulledu.ru/detskiy-otdyh/detskiy-prikluchencheskiy-lager-beskonechnaya-istoriya/about/,http://beskonechno-leto.ru
detskiy-otdyh,Детский отдых / лагерь,Великое Княжество,Великое Княжество,коттеджный посёлок Малаховка-Парк,https://moskva.fulledu.ru/detskiy-otdyh/velikoe-knyazhestvo/about/,
detskiy-otdyh,Детский отдых / лагерь,Веревочный городок FunParks,Веревочный городок FunParks,Одинцово,https://moskva.fulledu.ru/detskiy-otdyh/verevochnyy-gorodok-funparks/about/,http://www.funparks.ru
detskiy-otdyh,Детский отдых / лагерь,Весенний конный лагерь VSedlo.ru,Весенний конный лагерь VSedlo.ru,деревня Жаворонки,https://moskva.fulledu.ru/detskiy-otdyh/vesenniy-konnyy-lager-vsedloru/about/,
detskiy-otdyh,Детский отдых / лагерь,Весенняя биологическая школа,Весенняя биологическая школа,Звенигород,https://moskva.fulledu.ru/detskiy-otdyh/vesennyaya-biologicheskaya-shkola/about/,
detskiy-otdyh,Детский отдых / лагерь,Вселенная Детства,Вселенная Детства,Москва,https://moskva.fulledu.ru/detskiy-otdyh/vselennaya-detstva/about/,
detskiy-otdyh,Детский отдых / лагерь,Вступление,Вступление,,https://moskva.fulledu.ru/detskiy-otdyh/vstuplenie/about/,
detskiy-otdyh,Детский отдых / лагерь,Вуаля в Зеленом шуме,Вуаля в Зеленом шуме,деревня Лужки,https://moskva.fulledu.ru/detskiy-otdyh/vualya-v-zelenom-shume/about/,
detskiy-otdyh,Детский отдых / лагерь,Вуаля. Широкая Масленица,Вуаля. Широкая Масленица,деревня Юрлово,https://moskva.fulledu.ru/detskiy-otdyh/vualya-shirokaya-maslenica/about/,
detskiy-otdyh,Детский отдых / лагерь,Вымпел,Вымпел,деревня Ширяево,https://moskva.fulledu.ru/detskiy-otdyh/vympel/about/,
detskiy-otdyh,Детский отдых / лагерь,Галилео Кидс,Галилео Кидс,деревня Малое Уварово,https://moskva.fulledu.ru/detskiy-otdyh/galileo-kids/about/,
detskiy-otdyh,Детский отдых / лагерь,Ган Исроэль,Ган Исроэль,поселок Хуторки,https://moskva.fulledu.ru/detskiy-otdyh/gan-isroel/about/,
detskiy-otdyh,Детский отдых / лагерь,Гольф Академия,Гольф Академия,коттеджный поселок Сорочаны,https://moskva.fulledu.ru/detskiy-otdyh/golf-akademiya/about/,
detskiy-otdyh,Детский отдых / лагерь,ГольфСтрим,ГольфСтрим,Химки,https://moskva.fulledu.ru/detskiy-otdyh/golfstrim/about/,
detskiy-otdyh,Детский отдых / лагерь,Городские Странники,Городские Странники,Москва,https://moskva.fulledu.ru/detskiy-otdyh/gorodskie-stranniki/about/,
detskiy-otdyh,Детский отдых / лагерь,Городской лагерь ЗИЛ,Городской лагерь ЗИЛ,Москва,https://moskva.fulledu.ru/detskiy-otdyh/gorodskoy-lager-zil/about/,
detskiy-otdyh,Детский отдых / лагерь,Городской спортивный лагерь BUSHIDO,Городской спортивный лагерь BUSHIDO,Королев,https://moskva.fulledu.ru/detskiy-otdyh/gorodskoy-sportivnyy-lager-bushido/about/,http://www.bushido-camp.ru
detskiy-otdyh,Детский отдых / лагерь,Гусёнок,Гусёнок,деревня Поздняково,https://moskva.fulledu.ru/detskiy-otdyh/gusnok/about/,
detskiy-otdyh,Детский отдых / лагерь,Дерево сказок,Дерево сказок,Москва,https://moskva.fulledu.ru/detskiy-otdyh/derevo-skazok/about/,
detskiy-otdyh,Детский отдых / лагерь,Детская здравница имени Ю.А. Гагарина,Детская здравница имени Ю.А. Гагарина,деревня Петрово,https://moskva.fulledu.ru/detskiy-otdyh/detskaya-zdravnica-imeni-ua-gagarina/about/,
detskiy-otdyh,Детский отдых / лагерь,Детские лагеря Дмитрия и Матвея Шпаро. Большое приключение.,Детские лагеря Дмитрия и Матвея Шпаро. Большое приключение.,Руза,https://moskva.fulledu.ru/detskiy-otdyh/detskie-lagerya-dmitriya-i-matveyashparo-bolshoe-prikluchenieotkrytie/about/,http://pro-camp.ru
detskiy-otdyh,Детский отдых / лагерь,Детский Active Клуб,Детский Active Клуб,Москва,https://moskva.fulledu.ru/detskiy-otdyh/detskiy-active-klub/about/,
detskiy-otdyh,Детский отдых / лагерь,Детский оздоровительный лагерь им.Ю. А. Гагарина,Детский оздоровительный лагерь им.Ю. А. Гагарина,деревня Костино,https://moskva.fulledu.ru/detskiy-otdyh/detskiy-ozdorovitelnyy-lager-imu-a-gagarina/about/,
detskiy-otdyh,Детский отдых / лагерь,Детский центр и городской лагерь Наши дети в Марьино,Детский центр и городской лагерь Наши дети в Марьино,Москва,https://moskva.fulledu.ru/detskiy-otdyh/detskiy-centr-i-gorodskoy-lager-nashi-deti-v-marino/about/,http://studiobaby.ru/
detskiy-otdyh,Детский отдых / лагерь,Дискавери. PROFI,Дискавери. PROFI,Химки,https://moskva.fulledu.ru/detskiy-otdyh/diskaveri-profi/about/,
detskiy-otdyh,Детский отдых / лагерь,Дом Волшебников,Дом Волшебников,Москва,https://moskva.fulledu.ru/detskiy-otdyh/dom-volshebnikov/about/,
detskiy-otdyh,Детский отдых / лагерь,Дорога добра,Дорога добра,Королев,https://moskva.fulledu.ru/detskiy-otdyh/doroga-dobra/about/,
detskiy-otdyh,Детский отдых / лагерь,Дружба,Дружба,деревня Костино,https://moskva.fulledu.ru/detskiy-otdyh/druzhba-1670-8833/about/,
detskiy-otdyh,Детский отдых / лагерь,Дружите.ру STAR WARS Возвращение Джедаев,Дружите.ру STAR WARS Возвращение Джедаев,,https://moskva.fulledu.ru/detskiy-otdyh/druzhiteru-star-wars-vozvraschenie-dzhedaev/about/,
detskiy-otdyh,Детский отдых / лагерь,ДРУЖИТЕ.РУ. Анимагия,ДРУЖИТЕ.РУ. Анимагия,Руза,https://moskva.fulledu.ru/detskiy-otdyh/druzhiteru-animagiya/about/,
detskiy-otdyh,Детский отдых / лагерь,ДРУЖИТЕ.РУ. Мыс Рока,ДРУЖИТЕ.РУ. Мыс Рока,Руза,https://moskva.fulledu.ru/detskiy-otdyh/druzhiteru-mys-roka/about/,
detskiy-otdyh,Детский отдых / лагерь,ДРУЖИТЕ.РУ. Штормград,ДРУЖИТЕ.РУ. Штормград,Руза,https://moskva.fulledu.ru/detskiy-otdyh/druzhiteru-shtormgrad/about/,
detskiy-otdyh,Детский отдых / лагерь,Дубки,Дубки,Ивантеевка,https://moskva.fulledu.ru/detskiy-otdyh/dubki-1461-2477/about/,
detskiy-otdyh,Детский отдых / лагерь,Евроклуб (Алтуфьевское шоссе),Евроклуб (Алтуфьевское шоссе),,https://moskva.fulledu.ru/detskiy-otdyh/evroklub-altufevskoe-shosse/about/,
detskiy-otdyh,Детский отдых / лагерь,Евроклуб (Звенигород),Евроклуб (Звенигород),Звенигород,https://moskva.fulledu.ru/detskiy-otdyh/evroklub-zvenigorod/about/,
detskiy-otdyh,Детский отдых / лагерь,Евроклуб (Каширское шоссе),Евроклуб (Каширское шоссе),Домодедово,https://moskva.fulledu.ru/detskiy-otdyh/evroklub-kashirskoe-shosse/about/,
detskiy-otdyh,Детский отдых / лагерь,Евроклуб (Киевское шоссе),Евроклуб (Киевское шоссе),деревня Валуево,https://moskva.fulledu.ru/detskiy-otdyh/evroklub-kievskoe-shosse/about/,
detskiy-otdyh,Детский отдых / лагерь,"Евроклуб (Новорижское ш, 90 км от Москвы)","Евроклуб (Новорижское ш, 90 км от Москвы)",деревня Нововолково,https://moskva.fulledu.ru/detskiy-otdyh/evroklub-novorizhskoe-sh-90-km-ot-moskvy/about/,
detskiy-otdyh,Детский отдых / лагерь,ЕГЭ-экспресс: 7дней на100 баллов!,ЕГЭ-экспресс: 7дней на100 баллов!,Москва,https://moskva.fulledu.ru/detskiy-otdyh/programma-ege-ekspress-7dney-na100-ballov/about/,
detskiy-otdyh,Детский отдых / лагерь,Занято.ru,Занято.ru,,https://moskva.fulledu.ru/detskiy-otdyh/zanyatoru/about/,
detskiy-otdyh,Детский отдых / лагерь,Заря на озере Круглом,Заря на озере Круглом,деревня Рыбаки,https://moskva.fulledu.ru/detskiy-otdyh/zarya-na-ozere-kruglom/about/,http://www.dcozarya.com/
detskiy-otdyh,Детский отдых / лагерь,Звезда успеха,Звезда успеха,Москва,https://moskva.fulledu.ru/detskiy-otdyh/zvezda-uspeha/about/,
detskiy-otdyh,Детский отдых / лагерь,Звенигород,Звенигород,село Шарапово,https://moskva.fulledu.ru/detskiy-otdyh/zvenigorod/about/,
detskiy-otdyh,Детский отдых / лагерь,Зеленый шум,Зеленый шум,деревня Лужки,https://moskva.fulledu.ru/detskiy-otdyh/zelenyy-shum/about/,
detskiy-otdyh,Детский отдых / лагерь,Исток,Исток,Фрязино,https://moskva.fulledu.ru/detskiy-otdyh/istok/about/,http://www.priozerny.ru
detskiy-otdyh,Детский отдых / лагерь,Калейдоскоп Игр,Калейдоскоп Игр,,https://moskva.fulledu.ru/detskiy-otdyh/kaleydoskop-igr/about/,
detskiy-otdyh,Детский отдых / лагерь,Каникулы-Браво,Каникулы-Браво,поселок дома отдыха Бекасово,https://moskva.fulledu.ru/detskiy-otdyh/kanikuly-bravo/about/,
detskiy-otdyh,Детский отдых / лагерь,Каролина,Каролина,деревня Любучаны,https://moskva.fulledu.ru/detskiy-otdyh/karolina/about/,
detskiy-otdyh,Детский отдых / лагерь,КИД-клуб KiDS,КИД-клуб KiDS,,https://moskva.fulledu.ru/detskiy-otdyh/kid-klub-kids/about/,
detskiy-otdyh,Детский отдых / лагерь,КИД-клуб KIDS,КИД-клуб KIDS,деревня Пешки,https://moskva.fulledu.ru/detskiy-otdyh/kid-klub-kids-611-2873/about/,https://kid-club.ru
detskiy-otdyh,Детский отдых / лагерь,Кид-клуб. Musical Project Russia,Кид-клуб. Musical Project Russia,,https://moskva.fulledu.ru/detskiy-otdyh/kid-klub-musical-project-russia/about/,
detskiy-otdyh,Детский отдых / лагерь,КИД-клуб. Лагерь Выходного Дня,КИД-клуб. Лагерь Выходного Дня,деревня Колонтаево,https://moskva.fulledu.ru/detskiy-otdyh/kid-klub-lager-vyhodnogo-dnya/about/,
detskiy-otdyh,Детский отдых / лагерь,Кидс Проджектс. Summer Vocal Campсо Львом Аксельродом,Кидс Проджектс. Summer Vocal Campсо Львом Аксельродом,поселок городского типа Черкизово,https://moskva.fulledu.ru/detskiy-otdyh/kids-prodzhekts-summer-vocal-campso-lvom-akselrodom/about/,
detskiy-otdyh,Детский отдых / лагерь,Кидс Проджектс. Бесшабашная Послешколия,Кидс Проджектс. Бесшабашная Послешколия,,https://moskva.fulledu.ru/detskiy-otdyh/kids-prodzhekts-besshabashnaya-posleshkoliya/about/,
detskiy-otdyh,Детский отдых / лагерь,Кидс проджектс. Живая история,Кидс проджектс. Живая история,Королев,https://moskva.fulledu.ru/detskiy-otdyh/kids-prodzhekts-zhivaya-istoriya/about/,
detskiy-otdyh,Детский отдых / лагерь,Киностарт,Киностарт,село Петровское,https://moskva.fulledu.ru/detskiy-otdyh/kinostart/about/,
detskiy-otdyh,Детский отдых / лагерь,Кислород,Кислород,поселок гидроузла им. Куйбышева,https://moskva.fulledu.ru/detskiy-otdyh/kislorod/about/,
detskiy-otdyh,Детский отдых / лагерь,Классный отдых. Однодневные выезды для групп,Классный отдых. Однодневные выезды для групп,поселок гидроузла им. Куйбышева,https://moskva.fulledu.ru/detskiy-otdyh/klassnyy-otdyh-odnodnevnye-vyezdy-dlya-grupp/about/,
detskiy-otdyh,Детский отдых / лагерь,Ковчег,Ковчег,Раменское,https://moskva.fulledu.ru/detskiy-otdyh/kovcheg/about/,
detskiy-otdyh,Детский отдых / лагерь,Коллекция приключений. Active-camp,Коллекция приключений. Active-camp,,https://moskva.fulledu.ru/detskiy-otdyh/kollekciya-priklucheniy-active-camp/about/,
detskiy-otdyh,Детский отдых / лагерь,Коллекция приключений. Первая тропа,Коллекция приключений. Первая тропа,,https://moskva.fulledu.ru/detskiy-otdyh/kollekciya-priklucheniy-pervaya-tropa/about/,
detskiy-otdyh,Детский отдых / лагерь,Коллекция приключений. Рыцарский замок,Коллекция приключений. Рыцарский замок,,https://moskva.fulledu.ru/detskiy-otdyh/kollekciya-priklucheniy-rycarskiy-zamok/about/,
detskiy-otdyh,Детский отдых / лагерь,Коллекция приключений. Секретные материалы,Коллекция приключений. Секретные материалы,поселок Быково,https://moskva.fulledu.ru/detskiy-otdyh/kollekciya-priklucheniy-sekretnye-materialy/about/,
detskiy-otdyh,Детский отдых / лагерь,Коллекция приключений. Чудеса науки,Коллекция приключений. Чудеса науки,садовое товарищество Подмосковье,https://moskva.fulledu.ru/detskiy-otdyh/kollekciya-priklucheniy-chudesa-nauki/about/,
detskiy-otdyh,Детский отдых / лагерь,Команда,Команда,поселок гидроузла им. Куйбышева,https://moskva.fulledu.ru/detskiy-otdyh/molodezhnyy-proekt-quot911quot/about/,http://vg.mskobr.ru/add_edu/obrazovatel_nyj_centr_komanda/
detskiy-otdyh,Детский отдых / лагерь,Команда,Команда,поселок гидроузла им. Куйбышева,https://moskva.fulledu.ru/detskiy-otdyh/komanda/about/,
detskiy-otdyh,Детский отдых / лагерь,Командор. Олимп для чемпионов,Командор. Олимп для чемпионов,село Семеновское,https://moskva.fulledu.ru/detskiy-otdyh/komandor-olimp-dlya-chempionov/about/,
detskiy-otdyh,Детский отдых / лагерь,КОНТАКТ,КОНТАКТ,деревня Волково,https://moskva.fulledu.ru/detskiy-otdyh/kontakt/about/,
detskiy-otdyh,Детский отдых / лагерь,"КОНТАКТ.Театральный фестиваль""Пролог""","КОНТАКТ.Театральный фестиваль""Пролог""",поселок Володарского,https://moskva.fulledu.ru/detskiy-otdyh/kontaktteatralnyy-festivalquotprologquot/about/,
detskiy-otdyh,Детский отдых / лагерь,Краски,Краски,деревня Колтышево,https://moskva.fulledu.ru/detskiy-otdyh/kraski/about/,
detskiy-otdyh,Детский отдых / лагерь,Ланат,Ланат,деревня Волково,https://moskva.fulledu.ru/detskiy-otdyh/lanat/about/,https://lanat.ru
detskiy-otdyh,Детский отдых / лагерь,Ленинские искры,Ленинские искры,село Зюзино,https://moskva.fulledu.ru/detskiy-otdyh/leninskie-iskry/about/,
detskiy-otdyh,Детский отдых / лагерь,Летний городской лагерь Кругосветка,Летний городской лагерь Кругосветка,Королев,https://moskva.fulledu.ru/detskiy-otdyh/letniy-gorodskoy-lager-krugosvetka/about/,http://www.vsevdomike.com/
detskiy-otdyh,Детский отдых / лагерь,Летний городской лагерь Мышематики от Жени Кац,Летний городской лагерь Мышематики от Жени Кац,Москва,https://moskva.fulledu.ru/detskiy-otdyh/letniy-gorodskoy-lager-myshematiki-ot-zheni-kac/about/,http://solnyshkovo.ru/city-camp.html
detskiy-otdyh,Детский отдых / лагерь,Летняя зоолого-ботаническая школа,Летняя зоолого-ботаническая школа,Звенигород,https://moskva.fulledu.ru/detskiy-otdyh/letnyaya-zoologo-botanicheskaya-shkola/about/,http://kpdbio.ru/
detskiy-otdyh,Детский отдых / лагерь,Летняя техническая школа,Летняя техническая школа,Звенигород,https://moskva.fulledu.ru/detskiy-otdyh/letnyaya-tehnicheskaya-shkola/about/,
detskiy-otdyh,Детский отдых / лагерь,Летняя школа по медицине,Летняя школа по медицине,Пущино,https://moskva.fulledu.ru/detskiy-otdyh/letnyaya-shkola-po-medicine/about/,
detskiy-otdyh,Детский отдых / лагерь,Летняя школа по химии,Летняя школа по химии,Пущино,https://moskva.fulledu.ru/detskiy-otdyh/letnyaya-shkola-po-himii/about/,
detskiy-otdyh,Детский отдых / лагерь,Лига Экстрима,Лига Экстрима,поселок Быково,https://moskva.fulledu.ru/detskiy-otdyh/liga-ekstrima/about/,http://supercamp.ru
detskiy-otdyh,Детский отдых / лагерь,Лига Экстрима,Лига Экстрима,Серпухов,https://moskva.fulledu.ru/detskiy-otdyh/liga-ekstrima-5579-8900/about/,
detskiy-otdyh,Детский отдых / лагерь,Лидер - Успешный старт,Лидер - Успешный старт,деревня Малое Уварово,https://moskva.fulledu.ru/detskiy-otdyh/lider-uspeshnyy-start/about/,
detskiy-otdyh,Детский отдых / лагерь,Лидер - Успешный старт,Лидер - Успешный старт,Голицыно,https://moskva.fulledu.ru/detskiy-otdyh/lider-uspeshnyy-start-4076-2801/about/,
detskiy-otdyh,Детский отдых / лагерь,Лидер - Шаг вперед,Лидер - Шаг вперед,Голицыно,https://moskva.fulledu.ru/detskiy-otdyh/lider-shag-vpered/about/,
detskiy-otdyh,Детский отдых / лагерь,Лидер в кадре,Лидер в кадре,деревня Мякишево,https://moskva.fulledu.ru/detskiy-otdyh/lider-v-kadre/about/,
detskiy-otdyh,Детский отдых / лагерь,Лидер танцпола,Лидер танцпола,деревня Малое Уварово,https://moskva.fulledu.ru/detskiy-otdyh/lider-tancpola/about/,
detskiy-otdyh,Детский отдых / лагерь,Лидер ФЕСТ,Лидер ФЕСТ,деревня Малое Уварово,https://moskva.fulledu.ru/detskiy-otdyh/lider-fest/about/,
detskiy-otdyh,Детский отдых / лагерь,Лидер. Лагерь выходного дня,Лидер. Лагерь выходного дня,Голицыно,https://moskva.fulledu.ru/detskiy-otdyh/lider-lager-vyhodnogo-dnya/about/,
detskiy-otdyh,Детский отдых / лагерь,ЛИДЕРГРАД,ЛИДЕРГРАД,деревня Большое Буньково,https://moskva.fulledu.ru/detskiy-otdyh/lidergrad/about/,
detskiy-otdyh,Детский отдых / лагерь,Максимум,Максимум,поселок Огниково,https://moskva.fulledu.ru/detskiy-otdyh/maksimum-2718-792/about/,
detskiy-otdyh,Детский отдых / лагерь,Мастер-класс. Англия приехала в Россию,Мастер-класс. Англия приехала в Россию,поселок Огниково,https://moskva.fulledu.ru/detskiy-otdyh/master-klass-angliya-priehala-v-rossiu/about/,
detskiy-otdyh,Детский отдых / лагерь,Мастер-класс. Русская смена,Мастер-класс. Русская смена,поселок Огниково,https://moskva.fulledu.ru/detskiy-otdyh/master-klass-russkaya-smena/about/,
detskiy-otdyh,Детский отдых / лагерь,Метеор,Метеор,село Непецино,https://moskva.fulledu.ru/detskiy-otdyh/meteor/about/,
detskiy-otdyh,Детский отдых / лагерь,Московия,Московия,деревня Пешки,https://moskva.fulledu.ru/detskiy-otdyh/moskoviya/about/,
detskiy-otdyh,Детский отдых / лагерь,Мотор,Мотор,деревня Любучаны,https://moskva.fulledu.ru/detskiy-otdyh/motor/about/,
detskiy-otdyh,Детский отдых / лагерь,Новая волна,Новая волна,поселок Зеленый Городок,https://moskva.fulledu.ru/detskiy-otdyh/novaya-volna/about/,http://www.new-camp.ru/
detskiy-otdyh,Детский отдых / лагерь,Объединенное Королевство,Объединенное Королевство,Москва,https://moskva.fulledu.ru/detskiy-otdyh/obedinennoe-korolevstvo/about/,http://www.solvex.ru
detskiy-otdyh,Детский отдых / лагерь,Огонёк,Огонёк,Сергиев Посад,https://moskva.fulledu.ru/detskiy-otdyh/ogonk-9619-1708/about/,
detskiy-otdyh,Детский отдых / лагерь,Озёры,Озёры,,https://moskva.fulledu.ru/detskiy-otdyh/ozry/about/,
detskiy-otdyh,Детский отдых / лагерь,Орленок,Орленок,Пушкино,https://moskva.fulledu.ru/detskiy-otdyh/orlenok/about/,
detskiy-otdyh,Детский отдых / лагерь,Орлёнок,Орлёнок,поселок Зубово,https://moskva.fulledu.ru/detskiy-otdyh/orlnok-9838-6809/about/,
detskiy-otdyh,Детский отдых / лагерь,Остров Героев,Остров Героев,деревня Лужки,https://moskva.fulledu.ru/detskiy-otdyh/ostrov-geroev/about/,
detskiy-otdyh,Детский отдых / лагерь,Остров Хесм. Ковбои Подмосковья,Остров Хесм. Ковбои Подмосковья,,https://moskva.fulledu.ru/detskiy-otdyh/ostrov-hesm-kovboi-podmoskovya/about/,
detskiy-otdyh,Детский отдых / лагерь,Отрада,Отрада,поселок Отрадное,https://moskva.fulledu.ru/detskiy-otdyh/otrada/about/,
detskiy-otdyh,Детский отдых / лагерь,ОЧЕНЬ! Лесной десант,ОЧЕНЬ! Лесной десант,деревня Костино,https://moskva.fulledu.ru/detskiy-otdyh/ochen-lesnoy-desant/about/,
detskiy-otdyh,Детский отдых / лагерь,ОЧЕНЬ!Каникулы. Марципановое Рождество,ОЧЕНЬ!Каникулы. Марципановое Рождество,Москва,https://moskva.fulledu.ru/detskiy-otdyh/ochenkanikuly-marcipanovoe-rozhdestvo/about/,
detskiy-otdyh,Детский отдых / лагерь,Панда Кэмпс,Панда Кэмпс,деревня Жаворонки,https://moskva.fulledu.ru/detskiy-otdyh/panda-kemps/about/,
detskiy-otdyh,Детский отдых / лагерь,Первое Детское Агентство. Happy Story,Первое Детское Агентство. Happy Story,деревня Кузнецово,https://moskva.fulledu.ru/detskiy-otdyh/pervoe-detskoe-agentstvo-happy-story/about/,
detskiy-otdyh,Детский отдых / лагерь,Первое Детское Агентство. ГРАНИ развития,Первое Детское Агентство. ГРАНИ развития,деревня Кузнецово,https://moskva.fulledu.ru/detskiy-otdyh/pervoe-detskoe-agentstvo-grani-razvitiya/about/,
detskiy-otdyh,Детский отдых / лагерь,Первое Детское Агентство. ЛидерКэмп,Первое Детское Агентство. ЛидерКэмп,деревня Кузнецово,https://moskva.fulledu.ru/detskiy-otdyh/pervoe-detskoe-agentstvo-liderkemp/about/,
detskiy-otdyh,Детский отдых / лагерь,Петрушка,Петрушка,,https://moskva.fulledu.ru/detskiy-otdyh/petrushka/about/,
detskiy-otdyh,Детский отдых / лагерь,Петрушка-VIP,Петрушка-VIP,поселок Доброе,https://moskva.fulledu.ru/detskiy-otdyh/petrushka-vip/about/,
detskiy-otdyh,Детский отдых / лагерь,Пламя,Пламя,деревня Насоново,https://moskva.fulledu.ru/detskiy-otdyh/plamya-5210-8761/about/,
detskiy-otdyh,Детский отдых / лагерь,Пламя,Пламя,деревня Насоново,https://moskva.fulledu.ru/detskiy-otdyh/plamya-8797-5906/about/,
detskiy-otdyh,Детский отдых / лагерь,Планета Английского,Планета Английского,деревня Чуркино,https://moskva.fulledu.ru/detskiy-otdyh/planeta-angliyskogo/about/,
detskiy-otdyh,Детский отдых / лагерь,Планета Будущего,Планета Будущего,,https://moskva.fulledu.ru/detskiy-otdyh/planeta-buduschego/about/,
detskiy-otdyh,Детский отдых / лагерь,Пока мама на работе,Пока мама на работе,Москва,https://moskva.fulledu.ru/detskiy-otdyh/poka-mama-na-rabote/about/,
detskiy-otdyh,Детский отдых / лагерь,Проф-IT,Проф-IT,деревня Костино,https://moskva.fulledu.ru/detskiy-otdyh/prof-it/about/,
detskiy-otdyh,Детский отдых / лагерь,Пять Звезд,Пять Звезд,поселок Огниково,https://moskva.fulledu.ru/detskiy-otdyh/pyat-zvezd/about/,
detskiy-otdyh,Детский отдых / лагерь,Радость.ру,Радость.ру,Москва,https://moskva.fulledu.ru/detskiy-otdyh/radostru/about/,
detskiy-otdyh,Детский отдых / лагерь,Ракета,Ракета,деревня Колонтаево,https://moskva.fulledu.ru/detskiy-otdyh/raketa-1410-7787/about/,
detskiy-otdyh,Детский отдых / лагерь,Рио,Рио,поселок Огниково,https://moskva.fulledu.ru/detskiy-otdyh/rio/about/,
detskiy-otdyh,Детский отдых / лагерь,Робин Гуд,Робин Гуд,деревня Любучаны,https://moskva.fulledu.ru/detskiy-otdyh/robin-gud/about/,
detskiy-otdyh,Детский отдых / лагерь,"Робинзонада, Очевидное-невероятное","Робинзонада, Очевидное-невероятное",,https://moskva.fulledu.ru/detskiy-otdyh/robinzonada-ochevidnoe-neveroyatnoe/about/,
detskiy-otdyh,Детский отдых / лагерь,"Робинзонада, Хогвартс. Турнирволшебников с изучением английскогоязыка","Робинзонада, Хогвартс. Турнирволшебников с изучением английскогоязыка",,https://moskva.fulledu.ru/detskiy-otdyh/robinzonada-hogvarts-turnirvolshebnikov-s-izucheniem-angliyskogoyazyka/about/,
detskiy-otdyh,Детский отдых / лагерь,Робинзонада. Бизнес-лагерь,Робинзонада. Бизнес-лагерь,,https://moskva.fulledu.ru/detskiy-otdyh/robinzonada-biznes-lager/about/,
detskiy-otdyh,Детский отдых / лагерь,Робинзонада. В гостях у Питера Пэна,Робинзонада. В гостях у Питера Пэна,деревня Жаворонки,https://moskva.fulledu.ru/detskiy-otdyh/robinzonada-v-gostyah-u-pitera-pena/about/,
detskiy-otdyh,Детский отдых / лагерь,Робинзонада. В Джазе только девушки,Робинзонада. В Джазе только девушки,,https://moskva.fulledu.ru/detskiy-otdyh/robinzonada-v-dzhaze-tolko-devushki/about/,
detskiy-otdyh,Детский отдых / лагерь,Робинзонада. Дети шпионов,Робинзонада. Дети шпионов,,https://moskva.fulledu.ru/detskiy-otdyh/robinzonada-deti-shpionov/about/,
detskiy-otdyh,Детский отдых / лагерь,Робинзонада. Дети Шпионов сизучением английского языка,Робинзонада. Дети Шпионов сизучением английского языка,,https://moskva.fulledu.ru/detskiy-otdyh/robinzonada-deti-shpionov-sizucheniem-angliyskogo-yazyka/about/,
detskiy-otdyh,Детский отдых / лагерь,Робинзонада. Однажды в Чикаго сизучением английского языка,Робинзонада. Однажды в Чикаго сизучением английского языка,,https://moskva.fulledu.ru/detskiy-otdyh/robinzonada-odnazhdy-v-chikago-sizucheniem-angliyskogo-yazyka/about/,
detskiy-otdyh,Детский отдых / лагерь,Робинзонада. Очевидное-невероятноес изучением английского языка,Робинзонада. Очевидное-невероятноес изучением английского языка,,https://moskva.fulledu.ru/detskiy-otdyh/robinzonada-ochevidnoe-neveroyatnoes-izucheniem-angliyskogo-yazyka/about/,
detskiy-otdyh,Детский отдых / лагерь,Робинзонада. Хогвартс,Робинзонада. Хогвартс,,https://moskva.fulledu.ru/detskiy-otdyh/robinzonada-hogvarts/about/,
detskiy-otdyh,Детский отдых / лагерь,Робинзонада. Цивилизация,Робинзонада. Цивилизация,,https://moskva.fulledu.ru/detskiy-otdyh/robinzonada-civilizaciya/about/,
detskiy-otdyh,Детский отдых / лагерь,Робинзонада.Тайный код Майя,Робинзонада.Тайный код Майя,,https://moskva.fulledu.ru/detskiy-otdyh/robinzonadataynyy-kod-mayya/about/,
detskiy-otdyh,Детский отдых / лагерь,Родник,Автономное Образовательное Учреждение Дополнительного Образования Детей Детский Оздоровительно-Образовательный Центр «Родник» г.о. Королёв Московской области,,https://moskva.fulledu.ru/detskiy-otdyh/rodnik-6171-2798/about/,http://moou-rodnik.ru/
detskiy-otdyh,Детский отдых / лагерь,Рок-лагерь Первый аккорд,Рок-лагерь Первый аккорд,Химки,https://moskva.fulledu.ru/detskiy-otdyh/rok-lager-pervyy-akkord/about/,
detskiy-otdyh,Детский отдых / лагерь,Ромашкино,Ромашкино,Дмитров,https://moskva.fulledu.ru/detskiy-otdyh/romashkino/about/,
detskiy-otdyh,Детский отдых / лагерь,Салют,Салют,,https://moskva.fulledu.ru/detskiy-otdyh/salut-9507-2021/about/,
detskiy-otdyh,Детский отдых / лагерь,Сан-Эдвенчер,Сан-Эдвенчер,поселок Быково,https://moskva.fulledu.ru/detskiy-otdyh/kollekciya-priklucheniy-kinolagerquotsan-edvencherquot/about/,
detskiy-otdyh,Детский отдых / лагерь,Село,Село,деревня Бородино,https://moskva.fulledu.ru/detskiy-otdyh/selo/about/,
detskiy-otdyh,Детский отдых / лагерь,Скачки на прокачку - Академия Верховой Езды,Скачки на прокачку - Академия Верховой Езды,поселок Володарского,https://moskva.fulledu.ru/detskiy-otdyh/skachki-na-prokachku-akademiya-verhovoy-ezdy/about/,
detskiy-otdyh,Детский отдых / лагерь,Слон и Жираф,Летние школы Слона и Жирафа проходят при поддержке Негосударственного некоммерческого образовательного учреждения Московский центр непрерывного математического образования (МЦНМО),Звенигород,https://moskva.fulledu.ru/detskiy-otdyh/slon-i-zhiraf/about/,http://slon-i-giraf.ru
detskiy-otdyh,Детский отдых / лагерь,Созвездия,Созвездия,деревня Веретенки,https://moskva.fulledu.ru/detskiy-otdyh/sozvezdiya-2461-4307/about/,
detskiy-otdyh,Детский отдых / лагерь,Соколёнок,Соколёнок,,https://moskva.fulledu.ru/detskiy-otdyh/sokolnok/about/,
detskiy-otdyh,Детский отдых / лагерь,Страна Оз,Страна Оз,поселок Огниково,https://moskva.fulledu.ru/detskiy-otdyh/strana-oz/about/,
detskiy-otdyh,Детский отдых / лагерь,"Студия танцев и фитнеса ""DANCERA""","Студия танцев и фитнеса ""DANCERA""",Москва,https://moskva.fulledu.ru/detskiy-otdyh/studiya-tancev-i-fitnesa-dancera/about/,http://www.dancera.ru/
detskiy-otdyh,Детский отдых / лагерь,Счастливые лица,Счастливые лица,поселок городского типа Обухово,https://moskva.fulledu.ru/detskiy-otdyh/schastlivye-lica/about/,
detskiy-otdyh,Детский отдых / лагерь,Теннис Парк,Теннис Парк,Москва,https://moskva.fulledu.ru/detskiy-otdyh/tennis-park/about/,
detskiy-otdyh,Детский отдых / лагерь,Тренинг-лагерь |creative|camp,Тренинг-лагерь |creative|camp,деревня Пешки,https://moskva.fulledu.ru/detskiy-otdyh/trening-lager-creativecamp/about/,
detskiy-otdyh,Детский отдых / лагерь,Тренинг-центр Альбины Манзуллиной.Жемчужины Востока: Самарканд иБухара,Тренинг-центр Альбины Манзуллиной.Жемчужины Востока: Самарканд иБухара,Москва,https://moskva.fulledu.ru/detskiy-otdyh/trening-centr-albiny-manzullinoyzhemchuzhiny-vostoka-samarkand-ibuhara/about/,
detskiy-otdyh,Детский отдых / лагерь,Туристёнок,Туристёнок,,https://moskva.fulledu.ru/detskiy-otdyh/turistnok/about/,
detskiy-otdyh,Детский отдых / лагерь,Улицы мира,Улицы мира,Москва,https://moskva.fulledu.ru/detskiy-otdyh/ulicy-mira/about/,
detskiy-otdyh,Детский отдых / лагерь,Умный лагерь,Умный лагерь,,https://moskva.fulledu.ru/detskiy-otdyh/umnyy-lager/about/,
detskiy-otdyh,Детский отдых / лагерь,Фортпост,Фортпост,деревня Костино,https://moskva.fulledu.ru/detskiy-otdyh/fortpost/about/,
detskiy-otdyh,Детский отдых / лагерь,Футбольный лагерь Аякс,Футбольный лагерь Аякс,село Лучинское,https://moskva.fulledu.ru/detskiy-otdyh/futbolnyy-lager-ayaks/about/,
detskiy-otdyh,Детский отдых / лагерь,Хилтон,Хилтон,поселок городского типа Менделеево,https://moskva.fulledu.ru/detskiy-otdyh/hilton/about/,
detskiy-otdyh,Детский отдых / лагерь,Хип-Хоп лагерь Андерсити,Хип-Хоп лагерь Андерсити,,https://moskva.fulledu.ru/detskiy-otdyh/hip-hop-lager-andersiti/about/,
detskiy-otdyh,Детский отдых / лагерь,Храброе сердце,Храброе сердце,село Дерюзино,https://moskva.fulledu.ru/detskiy-otdyh/hrabroe-serdce/about/,
detskiy-otdyh,Детский отдых / лагерь,Хью-Клаб,Хью-Клаб,,https://moskva.fulledu.ru/detskiy-otdyh/hu-klab/about/,
detskiy-otdyh,Детский отдых / лагерь,Чайка,Чайка,,https://moskva.fulledu.ru/detskiy-otdyh/chayka-5910-4526/about/,
detskiy-otdyh,Детский отдых / лагерь,ЧАРЛИ. КиноЭкспедиция,ЧАРЛИ. КиноЭкспедиция,деревня Малое Уварово,https://moskva.fulledu.ru/detskiy-otdyh/charli-kinoekspediciya/about/,
detskiy-otdyh,Детский отдых / лагерь,ЧАРЛИ. МультиЛагерь,ЧАРЛИ. МультиЛагерь,деревня Малое Уварово,https://moskva.fulledu.ru/detskiy-otdyh/charli-multilager/about/,
detskiy-otdyh,Детский отдых / лагерь,ЧАРЛИ. Программы выходного дня.,ЧАРЛИ. Программы выходного дня.,деревня Литвиново,https://moskva.fulledu.ru/detskiy-otdyh/charli-programmy-vyhodnogo-dnya/about/,
detskiy-otdyh,Детский отдых / лагерь,Школа мастеров,Школа мастеров,коттеджный поселок Солнечный Берег,https://moskva.fulledu.ru/detskiy-otdyh/shkola-masterov/about/,
detskiy-otdyh,Детский отдых / лагерь,Школа побед,Школа побед,поселок дома отдыха Авангард,https://moskva.fulledu.ru/detskiy-otdyh/shkola-pobed/about/,
detskiy-otdyh,Детский отдых / лагерь,Эйнштейн!,Эйнштейн!,клубный посёлок Воздвиженское,https://moskva.fulledu.ru/detskiy-otdyh/eynshteyn/about/,
detskiy-otdyh,Детский отдых / лагерь,Экспедиция в будущее,Экспедиция в будущее,деревня Валуево,https://moskva.fulledu.ru/detskiy-otdyh/ekspediciya-v-buduschee/about/,
detskiy-otdyh,Детский отдых / лагерь,Энергетик,Энергетик,поселок Старая Руза,https://moskva.fulledu.ru/detskiy-otdyh/energetik-3396-3885/about/,
detskiy-otdyh,Детский отдых / лагерь,Юниум. Бизнес-технологии,Юниум. Бизнес-технологии,деревня Малое Уварово,https://moskva.fulledu.ru/detskiy-otdyh/unium-biznes-tehnologii/about/,
detskiy-otdyh,Детский отдых / лагерь,Юниум. ГИА и ЕГЭ инкубатор,Юниум. ГИА и ЕГЭ инкубатор,деревня Малое Уварово,https://moskva.fulledu.ru/detskiy-otdyh/unium-gia-i-ege-inkubator/about/,
detskiy-otdyh,Детский отдых / лагерь,Юниум. Иностранные языки,Юниум. Иностранные языки,деревня Малое Уварово,https://moskva.fulledu.ru/detskiy-otdyh/unium-inostrannye-yazyki/about/,
detskiy-otdyh,Детский отдых / лагерь,Юниум. Искусство и творчество,Юниум. Искусство и творчество,деревня Малое Уварово,https://moskva.fulledu.ru/detskiy-otdyh/unium-iskusstvo-i-tvorchestvo/about/,
detskiy-otdyh,Детский отдых / лагерь,Юниум. Факультет Перспектив,Юниум. Факультет Перспектив,деревня Малое Уварово,https://moskva.fulledu.ru/detskiy-otdyh/unium-fakultet-perspektiv/about/,
detskiy-otdyh,Детский отдых / лагерь,Юный герой,Юный герой,село Никольское,https://moskva.fulledu.ru/detskiy-otdyh/unyy-geroy/about/,
